date,classification,trades,total_pnl,total_volume,win_rate,unique_traders
2023-05-01,Greed,3.0,0.0,477.0,,1.0
2023-12-05,Extreme Greed,9.0,0.0,50005.83,,1.0
2023-12-14,Greed,11.0,-205.43473700000007,113203.35,0.6666666666666666,1.0
2023-12-15,Greed,2.0,-24.632033999999997,10609.95,0.0,1.0
2023-12-16,Greed,3.0,0.0,15348.77,,1.0
2023-12-17,Greed,14.0,304.982785,116278.02,0.6363636363636364,1.0
2023-12-18,Greed,2.0,0.0,31164.179999999997,,1.0
2023-12-19,Greed,15.0,1000.5386120000001,91602.40999999999,1.0,1.0
2023-12-20,Greed,18.0,162.732282,141636.79000000004,1.0,1.0
2023-12-21,Greed,49.0,537.211402,125233.97,0.9629629629629629,1.0
2023-12-22,Greed,10.0,141.832675,88874.27999999998,1.0,1.0
2023-12-23,Greed,13.0,146.93670400000002,78438.25,1.0,1.0
2023-12-24,Greed,39.0,1008.619956,402954.94,0.8823529411764706,1.0
2023-12-25,Greed,3.0,-245.081348,59948.51,0.0,1.0
2023-12-27,Greed,28.0,-704.889227,171411.05999999997,0.3076923076923077,1.0
2023-12-28,Greed,23.0,-970.7308760000001,100117.25,0.0,1.0
2023-12-29,Greed,50.0,508.922143,569559.72,0.75,1.0
2023-12-30,Greed,52.0,354.998648,702550.21,0.696969696969697,1.0
2024-01-01,Greed,18.0,-129.53146,264239.52999999997,0.16666666666666666,1.0
2024-01-02,Greed,17.0,783.9791160000001,121348.74,0.8888888888888888,1.0
2024-01-03,Greed,67.0,866.015507,394499.36000000004,0.8,1.0
2024-01-04,Greed,5.0,-67.60364,99792.54000000001,0.0,1.0
2024-01-05,Greed,66.0,164.14156500000004,1703942.66,0.5652173913043478,1.0
2024-01-06,Greed,22.0,135.58166400000002,298521.4,0.8333333333333334,1.0
2024-01-07,Greed,97.0,-835.681235,1048850.06,0.24324324324324326,1.0
2024-01-08,Greed,128.0,-269.87443900000017,1522452.43,0.47761194029850745,1.0
2024-01-09,Extreme Greed,70.0,-826.3498630000001,870051.9699999999,0.6428571428571429,1.0
2024-01-10,Greed,193.0,-1517.0913420000002,2057479.48,0.4939759036144578,1.0
2024-01-11,Extreme Greed,21.0,-164.08950100000004,305314.1,0.5555555555555556,2.0
2024-01-12,Greed,7.0,-1925.519024,200082.27,0.0,1.0
2024-01-15,Neutral,14.0,152.85358,50636.09999999999,1.0,2.0
2024-01-16,Greed,9.0,-2299.171458,116427.33,0.6,2.0
2024-01-17,Greed,53.0,813.2741110000002,800831.03,0.5789473684210527,1.0
2024-01-18,Greed,46.0,68.93319,424631.5299999999,0.3333333333333333,1.0
2024-01-19,Neutral,48.0,-385.41923500000007,428428.97000000003,0.2222222222222222,2.0
2024-01-20,Neutral,106.0,-146.57486999999998,1070090.51,0.46875,1.0
2024-01-21,Greed,11.0,266.581146,103129.74,0.6,1.0
2024-01-22,Greed,85.0,1375.640959,337878.99,0.5609756097560976,2.0
2024-01-23,Neutral,45.0,-369.24472999999944,414518.93000000005,0.55,1.0
2024-01-24,Neutral,68.0,-2808.3538150000004,965084.5900000001,0.25,1.0
2024-01-25,Neutral,6.0,-3093.629385,66566.12999999999,0.0,1.0
2024-01-26,Neutral,5.0,90.2,11773.21,1.0,2.0
2024-01-28,Neutral,11.0,-2478.06972,18109.03,0.0,1.0
2024-01-29,Greed,74.0,486.56254200000006,414208.17999999993,1.0,2.0
2024-01-30,Greed,49.0,-173.65419100000003,401011.37999999995,0.2631578947368421,1.0
2024-01-31,Greed,859.0,-799.8408169999999,6305647.13,0.5298165137614679,1.0
2024-02-01,Greed,6.0,0.0,2008.18,,1.0
2024-02-02,Greed,42.0,456.42347299999994,474278.43,0.6190476190476191,1.0
2024-02-03,Greed,56.0,223.30918699999995,603820.0,0.5,1.0
2024-02-04,Greed,35.0,47.623894999999976,203187.53,0.32142857142857145,1.0
2024-02-05,Greed,72.0,-33.45419400000006,770198.26,0.4375,1.0
2024-02-06,Greed,1088.0,-215.615907,8047153.41,0.3422562141491396,1.0
2024-02-07,Greed,15.0,241.24212,6758.73,1.0,1.0
2024-02-08,Greed,10.0,770.7560239999999,26051.120000000003,1.0,1.0
2024-02-11,Greed,34.0,983.4431759999999,212311.81999999998,1.0,1.0
2024-02-12,Greed,16.0,913.8817869999997,227247.7,0.4,1.0
2024-02-13,Extreme Greed,14.0,559.44389,1999.99,1.0,1.0
2024-02-14,Greed,111.0,3830.599833,320839.88,0.9880952380952381,2.0
2024-02-15,Greed,63.0,1840.7976770000005,185188.03999999995,0.95,2.0
2024-02-16,Greed,182.0,5491.768834,564896.51,1.0,2.0
2024-02-17,Extreme Greed,94.0,1929.6418,406118.0699999999,0.9384615384615385,2.0
2024-02-18,Greed,97.0,477.62483,157048.17000000004,0.8970588235294118,1.0
2024-02-19,Extreme Greed,101.0,4317.768563,286377.19999999995,0.9746835443037974,2.0
2024-02-20,Greed,39.0,3263.6288240000003,119419.71999999999,0.96875,2.0
2024-02-21,Extreme Greed,22.0,1858.7985699999997,108047.52,1.0,2.0
2024-02-22,Greed,88.0,3894.105069999999,373033.87,0.7407407407407407,2.0
2024-02-23,Extreme Greed,143.0,1418.5529299999998,111106.14,0.9927536231884058,1.0
2024-02-25,Greed,5.0,-30.7705,4480.13,0.0,1.0
2024-02-26,Greed,39.0,4416.8473,192187.14,1.0,2.0
2024-02-27,Extreme Greed,63.0,888.511733,209362.3,0.6190476190476191,2.0
2024-02-28,Extreme Greed,45.0,2503.7472349999994,171107.12999999998,1.0,1.0
2024-02-29,Extreme Greed,116.0,9813.996992,395666.73,1.0,2.0
2024-03-01,Extreme Greed,137.0,8244.241409,472974.7,1.0,1.0
2024-03-02,Extreme Greed,31.0,230.90060000000022,63197.55999999999,0.75,2.0
2024-03-03,Extreme Greed,79.0,8361.086245,390745.6800000001,1.0,1.0
2024-03-04,Extreme Greed,300.0,27799.775742,1577996.87,0.9851851851851852,2.0
2024-03-05,Extreme Greed,180.0,19791.026040999997,841810.3200000001,1.0,1.0
2024-03-06,Extreme Greed,82.0,6814.8251390000005,327218.02,1.0,1.0
2024-03-08,Extreme Greed,67.0,4271.886236,183583.18,1.0,1.0
2024-03-09,Extreme Greed,117.0,9949.501623999999,658178.7499999999,0.9065420560747663,1.0
2024-03-10,Extreme Greed,42.0,2482.9272,219973.84999999998,0.7631578947368421,1.0
2024-03-11,Extreme Greed,42.0,3588.179495,176519.45,1.0,1.0
2024-03-12,Extreme Greed,8.0,3039.1659999999997,103040.85,1.0,1.0
2024-03-13,Extreme Greed,7.0,0.0,6000.799999999999,,1.0
2024-03-14,Extreme Greed,18.0,3465.8658319999995,205933.18,1.0,2.0
2024-03-15,Extreme Greed,62.0,6236.513651,351894.41,1.0,3.0
2024-03-16,Extreme Greed,8.0,228.57984,37223.66,1.0,2.0
2024-03-17,Extreme Greed,23.0,503.29395499999987,99506.94999999998,1.0,3.0
2024-03-18,Extreme Greed,19.0,1456.9577,90458.08,1.0,3.0
2024-03-19,Extreme Greed,24.0,668.797973,219884.84000000003,0.7142857142857143,3.0
2024-03-20,Greed,69.0,6423.134599,215705.85,1.0,2.0
2024-03-21,Extreme Greed,28.0,2335.5080749999997,117895.57,1.0,3.0
2024-03-24,Greed,19.0,1297.0184769999998,92592.21000000002,1.0,1.0
2024-03-25,Extreme Greed,7.0,1302.916428,57116.32,1.0,1.0
2024-03-26,Extreme Greed,118.0,3215.9065929999997,198565.19000000003,1.0,2.0
2024-03-27,Extreme Greed,38.0,150.41114000000002,99864.79,0.631578947368421,2.0
2024-03-28,Extreme Greed,13.0,227.85100799999998,35323.72,1.0,2.0
2024-03-29,Extreme Greed,15.0,883.097404,86914.37000000002,1.0,1.0
2024-03-30,Extreme Greed,45.0,1100.5751400000001,101103.92000000001,1.0,1.0
2024-03-31,Extreme Greed,13.0,912.7861449999999,39912.95999999999,1.0,1.0
2024-04-01,Extreme Greed,77.0,2507.963406,339470.47000000003,0.9767441860465116,2.0
2024-04-02,Extreme Greed,41.0,883.760812,239664.51,1.0,2.0
2024-04-03,Greed,4.0,126.7884,16887.57,1.0,2.0
2024-04-04,Greed,32.0,0.0,95987.73,,1.0
2024-04-05,Extreme Greed,100.0,10706.484305999998,503791.8,1.0,3.0
2024-04-06,Extreme Greed,16.0,236.33513399999998,68223.67000000001,1.0,1.0
2024-04-07,Extreme Greed,23.0,0.0,49988.13999999999,,1.0
2024-04-08,Extreme Greed,30.0,1218.4267,211940.64,1.0,2.0
2024-04-09,Extreme Greed,3.0,0.0,57063.840000000004,,1.0
2024-04-10,Extreme Greed,41.0,5207.443413999999,351735.97,1.0,1.0
2024-04-11,Extreme Greed,16.0,389.743164,76400.95999999999,1.0,1.0
2024-04-12,Extreme Greed,129.0,-592.645839,442088.58999999997,0.7029702970297029,3.0
2024-04-13,Greed,89.0,6621.451755000001,486411.25,1.0,2.0
2024-04-14,Greed,107.0,-36104.01252,659162.1699999999,0.44594594594594594,2.0
2024-04-15,Greed,41.0,3774.0887199999997,291111.19,1.0,2.0
2024-04-16,Greed,47.0,2467.7022209999996,181907.17,1.0,2.0
2024-04-17,Greed,14.0,2441.4683999999997,97562.99000000002,1.0,1.0
2024-04-19,Greed,35.0,1946.445462,337257.9199999999,1.0,1.0
2024-04-20,Greed,22.0,0.0,60733.23999999999,,2.0
2024-04-22,Greed,9.0,0.0,47993.61,,1.0
2024-04-23,Greed,66.0,1119.536196,233054.9,1.0,2.0
2024-04-24,Greed,20.0,279.185907,141275.24,0.8571428571428571,1.0
2024-04-25,Greed,74.0,0.0,120241.01,,2.0
2024-04-26,Greed,3.0,0.0,4988.290000000001,,1.0
2024-04-27,Greed,27.0,4281.488139,154264.47,1.0,1.0
2024-04-28,Greed,58.0,0.0,43985.6,,2.0
2024-04-29,Greed,45.0,526.933836,108699.01,1.0,2.0
2024-04-30,Greed,24.0,0.0,125018.75,,1.0
2024-05-01,Neutral,14.0,0.0,87025.45000000001,,1.0
2024-05-03,Neutral,36.0,5306.0170450000005,282682.64999999997,0.8947368421052632,3.0
2024-05-04,Greed,9.0,0.0,58998.74999999999,,2.0
2024-05-05,Greed,6.0,0.916,24068.350000000002,1.0,2.0
2024-05-06,Greed,9.0,968.59038,206016.42999999996,1.0,1.0
2024-05-07,Greed,18.0,883.537693,108717.58,1.0,3.0
2024-05-08,Greed,13.0,1.56576,65973.57,0.5,2.0
2024-05-09,Greed,28.0,1147.595856,221966.12000000005,1.0,2.0
2024-05-10,Greed,22.0,2101.7416949999997,156882.00000000003,1.0,1.0
2024-05-11,Neutral,9.0,251.604742,63248.95,1.0,1.0
2024-05-12,Greed,23.0,0.0,55179.560000000005,,2.0
2024-05-13,Greed,28.0,2136.853859,193118.9,1.0,2.0
2024-05-14,Greed,23.0,1150.5233050000002,145853.4,1.0,1.0
2024-05-15,Greed,36.0,948.970582,234922.56999999998,1.0,1.0
2024-05-16,Greed,27.0,214.5898,162620.96000000002,1.0,2.0
2024-05-18,Greed,25.0,3522.394661,126303.14,1.0,1.0
2024-05-19,Greed,8.0,0.0,29998.09,,1.0
2024-05-20,Greed,10.0,-74.818442,38124.75,0.0,2.0
2024-05-21,Extreme Greed,125.0,7289.397572,1100948.5899999999,0.56,2.0
2024-05-22,Extreme Greed,6.0,0.0,44995.29,,1.0
2024-05-23,Extreme Greed,325.0,413.347329,401850.6,0.9294871794871795,3.0
2024-05-24,Greed,2.0,821.949278,50811.899999999994,1.0,1.0
2024-05-25,Extreme Greed,16.0,14.126039,29991.13,1.0,2.0
2024-05-26,Extreme Greed,16.0,778.6839,53976.67,1.0,2.0
2024-05-27,Greed,251.0,1129.3558699999999,151115.71999999997,0.967741935483871,1.0
2024-05-29,Greed,164.0,277.79195300000003,84268.76000000001,0.9577464788732394,2.0
2024-05-30,Greed,7.0,20.951433,2838.0899999999997,1.0,1.0
2024-05-31,Greed,13.0,25.35812,3636.14,1.0,1.0
2024-06-01,Greed,25.0,91.510419,12834.619999999999,1.0,1.0
2024-06-02,Greed,93.0,192.906947,29464.50999999999,1.0,1.0
2024-06-03,Greed,70.0,562.8082079999999,21466.86,1.0,1.0
2024-06-04,Greed,53.0,52.211438,24243.410000000003,1.0,1.0
2024-06-05,Extreme Greed,54.0,56.055506,25350.77,0.9411764705882353,1.0
2024-06-06,Extreme Greed,234.0,274.173187,137557.76,0.9803921568627451,1.0
2024-06-07,Extreme Greed,440.0,8902.467416,1098588.7600000002,0.9887640449438202,3.0
2024-06-08,Greed,29.0,129.13883900000002,97351.87999999998,1.0,2.0
2024-06-09,Extreme Greed,17.0,0.0,22410.219999999998,,2.0
2024-06-10,Greed,53.0,31.266804999999998,46587.92999999999,1.0,2.0
2024-06-11,Greed,123.0,4320.631811,373279.92000000004,1.0,3.0
2024-06-12,Greed,254.0,-21886.531493,193407.96,0.2692307692307692,2.0
2024-06-13,Greed,79.0,6632.757115,132577.22,0.95,2.0
2024-06-14,Greed,31.0,10258.592608999998,139868.65999999997,1.0,2.0
2024-06-15,Greed,78.0,3369.958346,718350.25,1.0,2.0
2024-06-16,Greed,11.0,0.0,25235.079999999998,,1.0
2024-06-17,Greed,38.0,10599.502375,368380.12,0.9615384615384616,2.0
2024-06-18,Greed,25.0,282.57635999999997,263314.79000000004,1.0,2.0
2024-06-19,Greed,61.0,4887.656943999999,417071.12,1.0,3.0
2024-06-20,Greed,39.0,57478.45602599999,207990.8,1.0,3.0
2024-06-21,Greed,80.0,773.5582039999999,176264.49,1.0,2.0
2024-06-22,Neutral,24.0,756.876565,169594.27000000002,1.0,2.0
2024-06-23,Greed,5.0,0.0,1792.1200000000001,,1.0
2024-06-24,Neutral,31.0,0.0,403002.79999999993,,2.0
2024-06-25,Fear,49.0,4869.353105,103099.08000000002,1.0,1.0
2024-06-26,Neutral,72.0,4197.732182,365190.66,1.0,2.0
2024-06-27,Fear,30.0,0.0,130486.94999999998,,2.0
2024-06-29,Fear,75.0,6150.326145000001,280095.11,1.0,2.0
2024-06-30,Neutral,14.0,0.0,30520.69,,2.0
2024-07-01,Neutral,64.0,5065.8393080000005,362670.14999999997,1.0,2.0
2024-07-02,Neutral,18.0,2421.2531160000003,33347.47,1.0,1.0
2024-07-03,Neutral,18.0,1118.387284,179600.65999999997,1.0,2.0
2024-07-04,Fear,25.0,0.0,430568.01,,2.0
2024-07-05,Fear,32.0,0.0,272289.89,,2.0
2024-07-06,Fear,24.0,108.87217799999999,2490.17,1.0,1.0
2024-07-07,Fear,10.0,61.428942,498.74999999999994,1.0,1.0
2024-07-08,Fear,1.0,0.0,497.64,,1.0
2024-07-09,Fear,15.0,648.9844120000001,2736.4500000000003,1.0,1.0
2024-07-10,Fear,56.0,11977.734907,687900.21,1.0,2.0
2024-07-11,Fear,19.0,1876.812082,169887.02000000002,1.0,1.0
2024-07-12,Fear,19.0,1412.314654,89582.97000000002,1.0,2.0
2024-07-13,Fear,17.0,2913.6178370000002,139189.19,1.0,2.0
2024-07-14,Fear,7.0,0.0,84001.13,,1.0
2024-07-15,Neutral,26.0,-1.0,198344.85,0.0,2.0
2024-07-16,Greed,22.0,0.0,144000.57,,1.0
2024-07-17,Greed,351.0,1859.269477,626005.53,0.9354838709677419,3.0
2024-07-18,Greed,60.0,3803.884311,649704.85,1.0,2.0
2024-07-19,Greed,23.0,2155.891114,150269.42,1.0,2.0
2024-07-20,Greed,266.0,2299.169566,244362.21000000002,0.9166666666666666,2.0
2024-07-21,Greed,448.0,-2960.716887,234307.46,0.08898305084745763,2.0
2024-07-22,Greed,154.0,1517.119876,304213.8,0.20754716981132076,2.0
2024-07-23,Greed,370.0,89890.302206,358526.54,0.9038461538461539,3.0
2024-07-24,Greed,90.0,625.561479,69207.93000000001,1.0,5.0
2024-07-25,Greed,78.0,916.7382600000001,528555.3099999999,1.0,3.0
2024-07-26,Greed,152.0,2766.513113,548587.65,1.0,4.0
2024-07-27,Greed,57.0,6400.623656,905199.75,1.0,2.0
2024-07-28,Greed,16.0,587.2990299999999,43254.68000000001,1.0,2.0
2024-07-29,Greed,39.0,330.804454,327199.1400000001,1.0,2.0
2024-07-30,Greed,6.0,0.0,36006.47,,1.0
2024-07-31,Greed,43.0,765.6908840000001,84506.54,1.0,2.0
2024-08-01,Neutral,57.0,167.080017,227774.53,0.5714285714285714,4.0
2024-08-02,Greed,63.0,782.368191,396320.37,1.0,3.0
2024-08-03,Fear,37.0,464.1897,290532.86,1.0,5.0
2024-08-04,Fear,127.0,-122672.00088300002,1207744.0700000003,0.046153846153846156,5.0
2024-08-05,Fear,80.0,-13013.665168999998,420495.39999999997,0.868421052631579,4.0
2024-08-06,Extreme Fear,107.0,267.318048,61478.38,0.5,2.0
2024-08-07,Fear,33.0,188.78925500000003,2492.77,1.0,3.0
2024-08-08,Extreme Fear,9.0,-40.712216999999995,16299.35,0.0,2.0
2024-08-09,Neutral,144.0,18082.071276000002,503204.86000000004,0.7413793103448276,5.0
2024-08-10,Fear,88.0,0.0,11339.29,,2.0
2024-08-11,Fear,24.0,847.7766200000001,44230.21,1.0,2.0
2024-08-12,Fear,48.0,858.6705,54167.32,1.0,3.0
2024-08-13,Fear,23.0,212.08102,20797.87,1.0,3.0
2024-08-14,Fear,25.0,2168.9015130000003,66710.03,1.0,3.0
2024-08-15,Fear,12.0,0.0,1522.3700000000001,,1.0
2024-08-16,Fear,35.0,825.230544,166382.84,1.0,2.0
2024-08-17,Fear,30.0,-288.283113,30248.960000000003,0.0,2.0
2024-08-18,Fear,15.0,307.201888,62804.48,1.0,2.0
2024-08-19,Fear,8.0,339.699583,100315.03,1.0,1.0
2024-08-20,Fear,12.0,192.602844,49914.799999999996,1.0,2.0
2024-08-21,Fear,145.0,656.200925,104990.41,1.0,2.0
2024-08-23,Fear,10.0,1005.30527,63509.56,1.0,1.0
2024-08-24,Greed,7.0,0.0,34999.67,,2.0
2024-08-25,Neutral,17.0,0.0,21950.279999999995,,2.0
2024-08-26,Greed,6.0,231.236918,92611.27,1.0,2.0
2024-08-27,Neutral,50.0,0.0,70250.16,,2.0
2024-08-28,Fear,9.0,1333.359645,71160.06999999999,1.0,2.0
2024-08-29,Fear,1.0,0.0,9995.85,,1.0
2024-08-30,Fear,6.0,256.464,37233.24,1.0,4.0
2024-08-31,Fear,34.0,10.882801,107507.43000000001,0.9230769230769231,3.0
2024-09-01,Fear,12.0,137.433093,12359.68,1.0,1.0
2024-09-02,Fear,2.0,0.0,30000.42,,1.0
2024-09-04,Fear,34.0,1065.7851319999997,131480.97,0.625,2.0
2024-09-05,Fear,1.0,0.0,0.84,,1.0
2024-09-06,Extreme Fear,42.0,-1104.856765,39047.1,0.0,2.0
2024-09-08,Fear,1.0,0.0,0.11,,1.0
2024-09-09,Fear,2.0,0.0,4014.4300000000003,,1.0
2024-09-10,Fear,3.0,-219.729659,2547.28,0.0,2.0
2024-09-11,Fear,1.0,0.0,0.54,,1.0
2024-09-14,Neutral,11.0,0.0,1014.8000000000002,,2.0
2024-09-18,Neutral,145.0,-878.684794,13633.5,0.0,1.0
2024-09-19,Neutral,19.0,0.0,1521.8700000000003,,1.0
2024-09-20,Neutral,16.0,9585.03428,332873.38,0.8888888888888888,2.0
2024-09-21,Neutral,23.0,36165.56933,165648.12,1.0,1.0
2024-09-22,Neutral,3.0,0.0,19999.739999999998,,1.0
2024-09-23,Neutral,2.0,334.760796,40334.29,1.0,1.0
2024-09-24,Neutral,10.0,0.0,7118.629999999999,,2.0
2024-09-25,Greed,9.0,0.0,52754.130000000005,,2.0
2024-09-26,Neutral,8.0,439.812513,113711.93,1.0,2.0
2024-09-27,Greed,56.0,0.0,126097.04,,2.0
2024-09-28,Greed,4.0,0.0,29199.21,,1.0
2024-09-30,Greed,106.0,2710.626288,214669.85000000003,1.0,2.0
2024-10-01,Neutral,4.0,0.0,139954.32,,1.0
2024-10-02,Fear,4.0,0.0,99954.34000000001,,1.0
2024-10-03,Fear,9.0,100.375782,132935.69,1.0,2.0
2024-10-04,Fear,1.0,0.0,0.34,,1.0
2024-10-05,Neutral,37.0,5767.161891999999,605605.7400000001,1.0,2.0
2024-10-06,Neutral,22.0,130.487079,300130.56,1.0,1.0
2024-10-07,Neutral,21.0,0.0,219984.65000000002,,1.0
2024-10-08,Neutral,36.0,5396.546638,434584.13000000006,1.0,2.0
2024-10-09,Neutral,14.0,396.06272,220399.93,1.0,1.0
2024-10-10,Fear,16.0,0.0,300024.34,,1.0
2024-10-11,Fear,26.0,8885.327476999999,488904.19,1.0,2.0
2024-10-12,Neutral,10.0,541.55471,159713.4,1.0,1.0
2024-10-13,Neutral,10.0,0.0,60002.42,,1.0
2024-10-14,Neutral,5.0,1913.6195799999998,61916.02,1.0,1.0
2024-10-15,Greed,7.0,1170.2260760000001,81173.36,1.0,1.0
2024-10-16,Greed,11.0,219.480876,80229.17000000001,1.0,1.0
2024-10-17,Greed,9.0,36.11496,140531.75,0.5,2.0
2024-10-18,Greed,6.0,333.219141,120331.43000000001,1.0,1.0
2024-10-19,Greed,4.0,0.0,99996.86,,1.0
2024-10-20,Greed,96.0,389.155797,176447.86000000002,1.0,2.0
2024-10-21,Greed,173.0,2464.9155640000004,324117.99,1.0,2.0
2024-10-22,Greed,3.0,0.0,60000.36,,1.0
2024-10-23,Greed,18.0,-46.489941,210006.07000000004,0.0,1.0
2024-10-25,Greed,30.0,13235.862071,427883.17999999993,1.0,2.0
2024-10-27,Greed,4.0,666.6623079999999,90664.41,1.0,1.0
2024-10-28,Greed,13.0,167.28016200000002,121495.25,1.0,2.0
2024-10-29,Greed,53.0,801.1708760000001,613267.81,1.0,2.0
2024-10-30,Extreme Greed,25.0,9.150023,11830.85,0.875,1.0
2024-10-31,Extreme Greed,48.0,1214.043811,896173.3600000001,0.918918918918919,3.0
2024-11-01,Extreme Greed,23.0,1040.4757359999999,260981.03,0.6,2.0
2024-11-02,Greed,2.0,0.0,40000.0,,1.0
2024-11-03,Greed,6.0,0.0,129055.66,,2.0
2024-11-04,Greed,36.0,2799.4104740000002,451811.97,1.0,2.0
2024-11-05,Greed,10.0,678.475928,200627.23,1.0,1.0
2024-11-06,Greed,15.0,2817.837229999999,123906.90000000001,0.7777777777777778,2.0
2024-11-07,Extreme Greed,113.0,4493.353136,111335.3,1.0,3.0
2024-11-08,Extreme Greed,39.0,-64.41354100000004,270700.44000000006,0.375,2.0
2024-11-09,Extreme Greed,86.0,102.90894,193384.41,0.4318181818181818,2.0
2024-11-10,Extreme Greed,173.0,991.1143339999999,413636.69999999995,1.0,3.0
2024-11-11,Extreme Greed,373.0,6749.630996,1570572.42,0.9583333333333334,4.0
2024-11-12,Extreme Greed,171.0,3494.399394,1226354.52,0.8095238095238095,4.0
2024-11-13,Extreme Greed,48.0,7846.402274,515336.37,0.84375,5.0
2024-11-14,Extreme Greed,110.0,4563.509225,1008361.8100000002,1.0,2.0
2024-11-15,Extreme Greed,149.0,4140.740438000001,1427858.42,1.0,4.0
2024-11-16,Extreme Greed,157.0,2769.521909,303296.06999999995,0.8275862068965517,4.0
2024-11-17,Extreme Greed,209.0,882.975285,1215987.57,0.7903225806451613,4.0
2024-11-18,Extreme Greed,346.0,4470.815187,2084339.5799999998,0.7948717948717948,7.0
2024-11-19,Extreme Greed,305.0,2958.2689909999995,628031.1499999999,0.8982035928143712,5.0
2024-11-20,Extreme Greed,550.0,4210.0928969999995,1999514.1199999996,0.7324414715719063,5.0
2024-11-21,Extreme Greed,535.0,1692.430891,598300.62,0.6470588235294118,5.0
2024-11-22,Extreme Greed,679.0,-18105.345617000003,1646713.6199999999,0.59375,6.0
2024-11-23,Extreme Greed,363.0,2901.531638,516245.68,0.8590604026845637,4.0
2024-11-24,Extreme Greed,172.0,945.5503859999999,664952.2800000001,0.7540983606557377,3.0
2024-11-25,Extreme Greed,255.0,5523.740734,937410.8700000001,0.7046979865771812,2.0
2024-11-26,Extreme Greed,302.0,1094.809359,1146902.44,0.6875,4.0
2024-11-27,Extreme Greed,213.0,-2654.495633,1444242.5299999998,0.5692307692307692,2.0
2024-11-28,Extreme Greed,332.0,-127075.39958499999,1894225.1500000004,0.4780701754385965,5.0
2024-11-29,Extreme Greed,393.0,176844.99415199997,794262.9099999999,0.9186602870813397,11.0
2024-11-30,Extreme Greed,373.0,37316.69352,1732193.7,0.9075144508670521,8.0
2024-12-01,Extreme Greed,416.0,40886.364493999994,814711.8200000001,0.9525862068965517,9.0
2024-12-02,Extreme Greed,270.0,18489.604313,585243.56,0.9821428571428571,8.0
2024-12-03,Extreme Greed,374.0,23576.539285,1084666.53,0.9096045197740112,8.0
2024-12-04,Extreme Greed,319.0,292891.81502100005,769287.6500000001,0.891566265060241,7.0
2024-12-05,Extreme Greed,456.0,71574.11848800001,1256750.79,0.9414634146341463,8.0
2024-12-06,Greed,403.0,-92624.643895,3471019.2199999997,0.6861313868613139,10.0
2024-12-07,Extreme Greed,304.0,85906.279067,451733.42000000004,0.9225352112676056,6.0
2024-12-08,Extreme Greed,420.0,15965.933436000001,932939.72,0.9743589743589743,6.0
2024-12-09,Extreme Greed,539.0,6310.967676,983949.6799999999,0.9662921348314607,10.0
2024-12-10,Extreme Greed,1596.0,39325.770231,3150424.08,0.8343722172751559,11.0
2024-12-11,Greed,1221.0,319051.55421699997,2194098.33,0.9863945578231292,12.0
2024-12-12,Extreme Greed,1932.0,599151.795008,4557189.87,0.9541284403669725,14.0
2024-12-13,Extreme Greed,1173.0,31935.901745,2880824.6399999997,0.9631901840490797,11.0
2024-12-14,Extreme Greed,1235.0,167801.39924400003,2369561.7800000003,0.9717607973421927,12.0
2024-12-15,Extreme Greed,1697.0,97525.315279,2583269.8100000005,0.8891257995735607,15.0
2024-12-16,Extreme Greed,1055.0,166774.344133,2740808.97,0.9798534798534798,13.0
2024-12-17,Extreme Greed,1941.0,219591.30517200002,5233597.63,0.9702176403207331,16.0
2024-12-18,Extreme Greed,1429.0,13682.994673000001,3798887.0699999994,0.7039030955585465,13.0
2024-12-19,Extreme Greed,3339.0,62744.004486000005,8241709.39,0.9348816029143898,13.0
2024-12-20,Greed,2488.0,254969.66003899998,7681274.709999999,0.9350912778904665,15.0
2024-12-21,Greed,1681.0,150022.16315699997,4382875.12,0.9892933618843683,8.0
2024-12-22,Greed,774.0,352197.16397299996,3087320.2199999997,0.9546742209631728,8.0
2024-12-23,Greed,2347.0,-29430.626577000025,6771878.26,0.48504273504273504,14.0
2024-12-24,Greed,338.0,14813.780116000002,1767036.11,0.6666666666666666,11.0
2024-12-25,Greed,208.0,756.6570469999999,347889.35,0.7682926829268293,6.0
2024-12-26,Extreme Greed,697.0,60228.63972200001,2205242.65,0.9649595687331537,7.0
2024-12-27,Greed,260.0,2672.8110349999997,347913.0,0.9482758620689655,7.0
2024-12-28,Greed,161.0,940.673623,281555.01,0.8043478260869565,7.0
2024-12-29,Greed,201.0,2884.067927,344628.54,1.0,7.0
2024-12-30,Greed,304.0,9009.738137,1073865.73,0.9836065573770492,9.0
2024-12-31,Greed,306.0,5445.01281,877164.6199999999,0.92,6.0
2025-01-01,Greed,96.0,-9528.065345,282582.1,0.9666666666666667,6.0
2025-01-02,Greed,361.0,8716.519087,774674.8399999999,0.9821428571428571,9.0
2025-01-03,Greed,508.0,6028.486792999999,771208.99,0.8466257668711656,9.0
2025-01-04,Greed,371.0,2553.5379679999996,1826029.62,0.8823529411764706,9.0
2025-01-05,Greed,239.0,3187.719363,451943.56999999995,0.9615384615384616,8.0
2025-01-06,Extreme Greed,573.0,6064.185393,556526.99,0.7355371900826446,7.0
2025-01-07,Extreme Greed,637.0,16098.227530999999,1313178.1,0.97,6.0
2025-01-08,Greed,1039.0,130117.09055399998,3177275.1799999997,0.9146919431279621,11.0
2025-01-09,Greed,522.0,46975.92890200001,1020733.25,0.8579881656804734,7.0
2025-01-10,Neutral,819.0,-10116.875551999998,6547449.680000002,0.8852459016393442,7.0
2025-01-11,Greed,283.0,2269.080536,1658098.7100000002,0.7840909090909091,7.0
2025-01-12,Greed,602.0,5742.241803,2258459.17,0.9936842105263158,7.0
2025-01-13,Greed,408.0,9655.429352,2936648.0100000002,0.9518072289156626,11.0
2025-01-14,Greed,275.0,16069.512354999999,876581.97,0.9716312056737588,9.0
2025-01-15,Greed,267.0,14819.5883,1801599.89,0.8848920863309353,11.0
2025-01-16,Extreme Greed,371.0,20807.709328000004,3049692.96,0.900709219858156,9.0
2025-01-17,Extreme Greed,238.0,7006.415607999999,1110230.46,0.9921259842519685,8.0
2025-01-18,Extreme Greed,651.0,443.23308199999883,2711629.8800000004,0.8857142857142857,12.0
2025-01-19,Extreme Greed,1567.0,87923.799302,9715215.3,0.7304147465437788,15.0
2025-01-20,Extreme Greed,1315.0,87277.23917300001,8287327.01,0.8502475247524752,15.0
2025-01-21,Extreme Greed,530.0,11077.839421,1523729.82,0.9579439252336449,8.0
2025-01-22,Extreme Greed,832.0,20524.408057,1778406.4300000002,0.7905405405405406,10.0
2025-01-23,Extreme Greed,1218.0,101256.24216,3697028.66,0.9504132231404959,12.0
2025-01-24,Extreme Greed,874.0,10602.779738,1611433.4500000002,0.9779559118236473,11.0
2025-01-25,Extreme Greed,506.0,-10348.016255999999,1239377.6999999997,0.8294117647058824,11.0
2025-01-26,Greed,451.0,40823.466667999994,1201173.66,0.9514563106796117,7.0
2025-01-27,Greed,773.0,41331.765392,1508028.31,0.92,15.0
2025-01-28,Greed,498.0,17979.613973,579412.1699999999,0.9542682926829268,8.0
2025-01-29,Greed,910.0,23421.011469999998,1897513.41,0.9643765903307888,9.0
2025-01-30,Greed,1067.0,23097.471385,3014397.1700000004,0.8747044917257684,11.0
2025-01-31,Extreme Greed,1016.0,35868.296772999995,2783411.48,0.9385665529010239,11.0
2025-02-01,Greed,634.0,32300.205017,1363746.44,0.949748743718593,12.0
2025-02-02,Greed,1319.0,162854.759623,5661092.29,0.8941398865784499,13.0
2025-02-03,Fear,2380.0,348871.32626899995,22592901.37,0.8243647234678625,12.0
2025-02-04,Greed,2512.0,416876.88811999996,15678409.269999998,0.8720200752823086,13.0
2025-02-05,Neutral,1297.0,56706.235561999994,8743231.509999998,0.8224852071005917,11.0
2025-02-06,Neutral,1703.0,33803.799733,2818508.87,0.9469240048250904,11.0
2025-02-07,Fear,1524.0,22450.002091000002,3460263.54,0.8007448789571695,13.0
2025-02-08,Fear,575.0,586.703253,839734.97,0.9016393442622951,10.0
2025-02-09,Neutral,764.0,150551.82949200002,2920919.7,0.9850299401197605,12.0
2025-02-10,Fear,889.0,63908.49465,3624958.4399999995,0.9199134199134199,14.0
2025-02-11,Neutral,848.0,-6093.784817,2797544.17,0.5674846625766872,12.0
2025-02-12,Neutral,1031.0,19848.635032,4143974.54,0.8563734290843806,12.0
2025-02-13,Neutral,1370.0,27829.534238,3199852.21,0.9756468797564688,11.0
2025-02-14,Neutral,1655.0,213860.67530799998,4007103.4200000004,0.885286783042394,15.0
2025-02-15,Neutral,932.0,45042.92701,1712852.95,0.9616306954436451,12.0
2025-02-16,Neutral,681.0,2369.4784250000002,806177.6399999999,0.8595988538681948,10.0
2025-02-17,Neutral,941.0,1818.5732950000001,2031044.6399999997,0.871900826446281,9.0
2025-02-18,Neutral,1676.0,91204.672403,3371128.68,0.9225806451612903,11.0
2025-02-19,Fear,1361.0,14985.794700999999,3263930.2399999998,0.909375,10.0
2025-02-20,Neutral,2012.0,46008.794102,4628609.290000001,0.9717741935483871,11.0
2025-02-21,Greed,1873.0,119693.49395,3972159.88,0.9664031620553359,14.0
2025-02-22,Neutral,686.0,25278.704178,3175570.1999999997,0.96875,10.0
2025-02-23,Neutral,520.0,10656.934250999999,1141310.74,0.9629629629629629,12.0
2025-02-24,Neutral,5616.0,38470.176242,11223619.59,0.8816778789077958,14.0
2025-02-25,Fear,6246.0,204762.177034,19414984.36,0.7603923400280242,18.0
2025-02-26,Extreme Fear,1176.0,63229.063129,4946958.13,0.928235294117647,13.0
2025-02-27,Extreme Fear,890.0,-36525.167517,1999898.4300000002,0.5880952380952381,9.0
2025-02-28,Extreme Fear,1019.0,225628.10874799997,4123660.77,0.9682151589242054,13.0
2025-03-01,Extreme Fear,174.0,10596.108968,263824.13,0.9285714285714286,5.0
2025-03-02,Fear,532.0,66914.32070800001,6460848.74,0.9501779359430605,10.0
2025-03-03,Fear,1482.0,616413.032233,8244590.380000001,0.9650793650793651,14.0
2025-03-04,Extreme Fear,2402.0,182075.566585,11124247.15,0.7444987775061125,16.0
2025-03-05,Extreme Fear,1660.0,269328.365917,9193654.219999999,0.9843627834245504,13.0
2025-03-06,Fear,760.0,16101.125561,6765324.96,0.9554973821989529,12.0
2025-03-07,Fear,2552.0,150236.061627,19854275.48,0.9315164220824598,14.0
2025-03-08,Fear,529.0,24700.773359,892083.51,0.9933993399339934,13.0
2025-03-09,Fear,1422.0,19773.457395,10419697.99,1.0,12.0
2025-03-10,Extreme Fear,2911.0,-10010.027269999999,16811790.68,0.8673163418290855,14.0
2025-03-11,Extreme Fear,3286.0,-76880.72903599999,14016952.09,0.5146198830409356,16.0
2025-03-12,Fear,3968.0,288105.984215,18618139.15,0.9601371624517788,13.0
2025-03-13,Neutral,962.0,14114.870873,3285591.22,0.8979591836734694,13.0
2025-03-14,Fear,2210.0,68646.160089,8047187.159999999,0.981789802289282,10.0
2025-03-15,Neutral,261.0,78694.624572,2355749.5399999996,0.8201058201058201,8.0
2025-03-16,Fear,530.0,-7910.943544999999,10187921.51,0.5590909090909091,8.0
2025-03-17,Fear,920.0,26163.906513,3592895.0500000003,0.8633540372670807,11.0
2025-03-18,Fear,834.0,72322.788824,4050655.47,0.7642276422764228,13.0
2025-03-19,Fear,1612.0,29374.682341,4598813.57,0.8658064516129033,12.0
2025-03-20,Neutral,771.0,10246.859435999999,1652257.9300000002,0.7159090909090909,13.0
2025-03-21,Fear,698.0,6951.270374,2543903.39,1.0,9.0
2025-03-22,Fear,535.0,12498.535254000002,971809.42,0.7673716012084593,8.0
2025-03-23,Fear,447.0,14047.421585,2593519.67,1.0,10.0
2025-03-24,Neutral,1027.0,107878.96130100002,3017587.05,0.9418777943368107,13.0
2025-03-25,Neutral,791.0,32030.906779999998,5372519.77,0.7333333333333333,13.0
2025-03-26,Neutral,3102.0,15802.167427000004,7597754.37,0.5197775030902348,17.0
2025-03-27,Fear,785.0,58825.359221000006,3240279.46,0.9886792452830189,11.0
2025-03-28,Fear,728.0,21337.179335,1483092.6099999999,0.9871794871794872,11.0
2025-03-29,Fear,1894.0,12098.872930999996,3668151.83,0.7170212765957447,10.0
2025-03-30,Fear,568.0,15795.11514,2850874.96,0.8867924528301887,9.0
2025-03-31,Fear,495.0,6978.1845570000005,2164772.4699999997,0.886986301369863,12.0
2025-04-01,Fear,192.0,-2202.6622420000003,704445.19,0.7213114754098361,9.0
2025-04-02,Fear,1076.0,202212.74093800003,3867930.6,0.9989626556016598,11.0
2025-04-03,Fear,1748.0,-2365.961275999999,8670233.15,0.8201892744479495,17.0
2025-04-04,Fear,1272.0,-25515.678949999994,3835545.7299999995,0.7155297532656023,14.0
2025-04-05,Fear,360.0,35907.33771,1267564.2200000002,0.9720930232558139,10.0
2025-04-06,Fear,1048.0,47053.449272000005,3551252.0599999996,0.9595375722543352,14.0
2025-04-07,Extreme Fear,2814.0,34527.37030499999,14460253.139999999,0.5328582739509106,18.0
2025-04-08,Extreme Fear,943.0,34899.394798,8869391.4,0.8373101952277657,17.0
2025-04-09,Extreme Fear,3967.0,43120.44479700002,28556806.470000003,0.7679856115107914,20.0
2025-04-10,Fear,2127.0,158261.822261,28741953.29,0.845229151014275,19.0
2025-04-11,Fear,1096.0,126406.479081,11319327.07,0.8123620309050773,16.0
2025-04-12,Fear,2109.0,410419.69453299994,55914617.49,0.7961165048543689,20.0
2025-04-13,Neutral,1321.0,48696.021521,14171154.79,0.8445229681978799,17.0
2025-04-14,Fear,890.0,45680.443063,13079972.979999999,0.8995215311004785,14.0
2025-04-15,Fear,1131.0,72357.706282,20752168.240000002,0.9923312883435583,14.0
2025-04-16,Fear,1608.0,58631.730257,36502715.9,0.677819083023544,17.0
2025-04-17,Fear,1031.0,5427.919886,2604551.5100000002,0.8482384823848238,12.0
2025-04-18,Fear,1894.0,4880.4047439999995,24610650.46,0.9788306451612904,12.0
2025-04-19,Fear,2786.0,71950.57749499999,32706462.71,0.7964774951076321,15.0
2025-04-20,Fear,1982.0,25060.341936000004,12126094.05,0.8212058212058212,12.0
2025-04-21,Fear,1718.0,34369.267907,42104054.839999996,0.7946009389671361,14.0
2025-04-22,Neutral,2998.0,58652.763578,33753625.24,0.6894409937888198,15.0
2025-04-23,Greed,6159.0,-419020.22573099995,30682443.79,0.48320850446967867,19.0
2025-04-24,Greed,2232.0,50704.395964999996,35088918.64,0.7782462057335582,15.0
2025-04-25,Greed,1653.0,20218.859206,27749455.779999997,0.873972602739726,16.0
2025-04-26,Greed,1131.0,-4125.753941999999,11948127.770000001,0.3532608695652174,12.0
2025-04-27,Greed,337.0,2702.0674679999997,487537.69,0.7361963190184049,9.0
2025-04-28,Neutral,1379.0,36906.81375899999,26124921.49,0.796398891966759,8.0
2025-04-29,Greed,2243.0,125749.61342699999,34089511.66,0.937137330754352,7.0
2025-04-30,Greed,1113.0,14003.797268999999,12693878.850000001,0.8966565349544073,8.0
2025-05-01,Neutral,1230.0,54536.829297000004,10720240.52,0.7863501483679525,11.0
